{
  "best_epoch": 17,
  "peak_cpu_memory_MB": 0,
  "training_duration": "10:41:11",
  "training_start_epoch": 0,
  "training_epochs": 18,
  "epoch": 18,
  "training__match/exact_match": 0,
  "training_sql_match": 0,
  "training__others/action_similarity": 0,
  "training__match/match_single": 0,
  "training__match/match_hard": 0,
  "training_beam_hit": 0,
  "training_loss": 2.3954654609975212,
  "training_cpu_memory_MB": 0.0,
  "validation__match/exact_match": 0.32205029013539654,
  "validation_sql_match": 0.41876208897485495,
  "validation__others/action_similarity": 0.5317794039005264,
  "validation__match/match_single": 0.552158273381295,
  "validation__match/match_hard": 0.26359832635983266,
  "validation_beam_hit": 0.5543520309477756,
  "validation_loss": 8.817553520202637,
  "best_validation__match/exact_match": 0.3346228239845261,
  "best_validation_sql_match": 0.42359767891682787,
  "best_validation__others/action_similarity": 0.536563850301388,
  "best_validation__match/match_single": 0.5503597122302158,
  "best_validation__match/match_hard": 0.27615062761506276,
  "best_validation_beam_hit": 0.5504835589941973,
  "best_validation_loss": 9.09803295135498
}