{
  "best_epoch": 7,
  "peak_cpu_memory_MB": 0,
  "training_duration": "04:37:07",
  "training_start_epoch": 0,
  "training_epochs": 7,
  "epoch": 7,
  "training__match/exact_match": 0,
  "training_sql_match": 0,
  "training__others/action_similarity": 0,
  "training__match/match_single": 0,
  "training__match/match_hard": 0,
  "training_beam_hit": 0,
  "training_loss": 4.379130314118462,
  "training_cpu_memory_MB": 0.0,
  "validation__match/exact_match": 0.3104448742746615,
  "validation_sql_match": 0.3984526112185687,
  "validation__others/action_similarity": 0.5228264271471504,
  "validation__match/match_single": 0.5269784172661871,
  "validation__match/match_hard": 0.2489539748953975,
  "validation_beam_hit": 0.5448742746615087,
  "validation_loss": 7.427267551422119,
  "best_validation__match/exact_match": 0.3104448742746615,
  "best_validation_sql_match": 0.3984526112185687,
  "best_validation__others/action_similarity": 0.5228264271471504,
  "best_validation__match/match_single": 0.5269784172661871,
  "best_validation__match/match_hard": 0.2489539748953975,
  "best_validation_beam_hit": 0.5448742746615087,
  "best_validation_loss": 7.427267551422119
}