{
  "best_epoch": 17,
  "peak_cpu_memory_MB": 0,
  "training_duration": "15:37:24",
  "training_start_epoch": 0,
  "training_epochs": 27,
  "epoch": 27,
  "training__match/exact_match": 0,
  "training_sql_match": 0,
  "training__others/action_similarity": 0,
  "training__match/match_single": 0,
  "training__match/match_hard": 0,
  "training_beam_hit": 0,
  "training_loss": 1.7750605749928094,
  "training_cpu_memory_MB": 0.0,
  "validation__match/exact_match": 0.3104448742746615,
  "validation_sql_match": 0.3965183752417795,
  "validation__others/action_similarity": 0.5149751804076813,
  "validation__match/match_single": 0.5251798561151079,
  "validation__match/match_hard": 0.24686192468619247,
  "validation_beam_hit": 0.5262088974854933,
  "validation_loss": 10.73430061340332,
  "best_validation__match/exact_match": 0.3346228239845261,
  "best_validation_sql_match": 0.42359767891682787,
  "best_validation__others/action_similarity": 0.536563850301388,
  "best_validation__match/match_single": 0.5503597122302158,
  "best_validation__match/match_hard": 0.27615062761506276,
  "best_validation_beam_hit": 0.5504835589941973,
  "best_validation_loss": 9.09803295135498
}