{
  "best_epoch": 2,
  "peak_cpu_memory_MB": 0,
  "training_duration": "01:47:40",
  "training_start_epoch": 0,
  "training_epochs": 2,
  "epoch": 2,
  "training__match/exact_match": 0,
  "training_sql_match": 0,
  "training__others/action_similarity": 0,
  "training__match/match_single": 0,
  "training__match/match_hard": 0,
  "training_beam_hit": 0,
  "training_loss": 7.80892621146308,
  "training_cpu_memory_MB": 0.0,
  "validation__match/exact_match": 0.27176015473887816,
  "validation_sql_match": 0.3191489361702128,
  "validation__others/action_similarity": 0.47767854743631516,
  "validation__match/match_single": 0.48741007194244607,
  "validation__match/match_hard": 0.12343096234309624,
  "validation_beam_hit": 0.4771760154738878,
  "validation_loss": 7.501832485198975,
  "best_validation__match/exact_match": 0.27176015473887816,
  "best_validation_sql_match": 0.3191489361702128,
  "best_validation__others/action_similarity": 0.47767854743631516,
  "best_validation__match/match_single": 0.48741007194244607,
  "best_validation__match/match_hard": 0.12343096234309624,
  "best_validation_beam_hit": 0.4771760154738878,
  "best_validation_loss": 7.501832485198975
}