{
  "best_epoch": 17,
  "peak_cpu_memory_MB": 0,
  "training_duration": "13:58:03",
  "training_start_epoch": 0,
  "training_epochs": 24,
  "epoch": 24,
  "training__match/exact_match": 0,
  "training_sql_match": 0,
  "training__others/action_similarity": 0,
  "training__match/match_single": 0,
  "training__match/match_hard": 0,
  "training_beam_hit": 0,
  "training_loss": 1.919453880690801,
  "training_cpu_memory_MB": 0.0,
  "validation__match/exact_match": 0.3065764023210832,
  "validation_sql_match": 0.402321083172147,
  "validation__others/action_similarity": 0.5196509991888876,
  "validation__match/match_single": 0.5233812949640287,
  "validation__match/match_hard": 0.2615062761506276,
  "validation_beam_hit": 0.5373307543520309,
  "validation_loss": 9.350502014160156,
  "best_validation__match/exact_match": 0.3346228239845261,
  "best_validation_sql_match": 0.42359767891682787,
  "best_validation__others/action_similarity": 0.536563850301388,
  "best_validation__match/match_single": 0.5503597122302158,
  "best_validation__match/match_hard": 0.27615062761506276,
  "best_validation_beam_hit": 0.5504835589941973,
  "best_validation_loss": 9.09803295135498
}