{
  "best_epoch": 9,
  "peak_cpu_memory_MB": 0,
  "training_duration": "06:17:28",
  "training_start_epoch": 0,
  "training_epochs": 10,
  "epoch": 10,
  "training__match/exact_match": 0,
  "training_sql_match": 0,
  "training__others/action_similarity": 0,
  "training__match/match_single": 0,
  "training__match/match_hard": 0,
  "training_beam_hit": 0,
  "training_loss": 3.5285466077021264,
  "training_cpu_memory_MB": 0.0,
  "validation__match/exact_match": 0.30851063829787234,
  "validation_sql_match": 0.390715667311412,
  "validation__others/action_similarity": 0.5175332255069652,
  "validation__match/match_single": 0.5431654676258992,
  "validation__match/match_hard": 0.21338912133891214,
  "validation_beam_hit": 0.5385880077369439,
  "validation_loss": 7.811458110809326,
  "best_validation__match/exact_match": 0.30851063829787234,
  "best_validation_sql_match": 0.41295938104448743,
  "best_validation__others/action_similarity": 0.5214174930899662,
  "best_validation__match/match_single": 0.5233812949640287,
  "best_validation__match/match_hard": 0.28451882845188287,
  "best_validation_beam_hit": 0.5436170212765957,
  "best_validation_loss": 7.711815357208252
}