{
  "best_epoch": 8,
  "peak_cpu_memory_MB": 0,
  "training_duration": "05:11:07",
  "training_start_epoch": 0,
  "training_epochs": 8,
  "epoch": 8,
  "training__match/exact_match": 0,
  "training_sql_match": 0,
  "training__others/action_similarity": 0,
  "training__match/match_single": 0,
  "training__match/match_hard": 0,
  "training_beam_hit": 0,
  "training_loss": 4.024165994461326,
  "training_cpu_memory_MB": 0.0,
  "validation__match/exact_match": 0.29593810444874274,
  "validation_sql_match": 0.4081237911025145,
  "validation__others/action_similarity": 0.5150966957548926,
  "validation__match/match_single": 0.5179856115107914,
  "validation__match/match_hard": 0.2803347280334728,
  "validation_beam_hit": 0.5560928433268859,
  "validation_loss": 7.728794097900391,
  "best_validation__match/exact_match": 0.29593810444874274,
  "best_validation_sql_match": 0.4081237911025145,
  "best_validation__others/action_similarity": 0.5150966957548926,
  "best_validation__match/match_single": 0.5179856115107914,
  "best_validation__match/match_hard": 0.2803347280334728,
  "best_validation_beam_hit": 0.5560928433268859,
  "best_validation_loss": 7.728794097900391
}