{
  "best_epoch": 0,
  "peak_cpu_memory_MB": 0,
  "training_duration": "00:37:01",
  "training_start_epoch": 0,
  "training_epochs": 0,
  "epoch": 0,
  "training__match/exact_match": 0,
  "training_sql_match": 0,
  "training__others/action_similarity": 0,
  "training__match/match_single": 0,
  "training__match/match_hard": 0,
  "training_beam_hit": 0,
  "training_loss": 16.070168189753115,
  "training_cpu_memory_MB": 0.0,
  "validation__match/exact_match": 0.11992263056092843,
  "validation_sql_match": 0.12959381044487428,
  "validation__others/action_similarity": 0.3068558992733948,
  "validation__match/match_single": 0.2356115107913669,
  "validation__match/match_hard": 0.006276150627615063,
  "validation_beam_hit": 0.23646034816247583,
  "validation_loss": 10.648594856262207,
  "best_validation__match/exact_match": 0.11992263056092843,
  "best_validation_sql_match": 0.12959381044487428,
  "best_validation__others/action_similarity": 0.3068558992733948,
  "best_validation__match/match_single": 0.2356115107913669,
  "best_validation__match/match_hard": 0.006276150627615063,
  "best_validation_beam_hit": 0.23646034816247583,
  "best_validation_loss": 10.648594856262207
}