{
  "best_epoch": 11,
  "peak_cpu_memory_MB": 0,
  "training_duration": "09:35:54",
  "training_start_epoch": 0,
  "training_epochs": 16,
  "epoch": 16,
  "training__match/exact_match": 0,
  "training_sql_match": 0,
  "training__others/action_similarity": 0,
  "training__match/match_single": 0,
  "training__match/match_hard": 0,
  "training_beam_hit": 0,
  "training_loss": 2.5365366160480027,
  "training_cpu_memory_MB": 0.0,
  "validation__match/exact_match": 0.31431334622823986,
  "validation_sql_match": 0.4119922630560928,
  "validation__others/action_similarity": 0.5238033302501554,
  "validation__match/match_single": 0.5431654676258992,
  "validation__match/match_hard": 0.2594142259414226,
  "validation_beam_hit": 0.5495164410058027,
  "validation_loss": 8.912269592285156,
  "best_validation__match/exact_match": 0.3230174081237911,
  "best_validation_sql_match": 0.42166344294003866,
  "best_validation__others/action_similarity": 0.5312375800658857,
  "best_validation__match/match_single": 0.5467625899280576,
  "best_validation__match/match_hard": 0.27615062761506276,
  "best_validation_beam_hit": 0.551063829787234,
  "best_validation_loss": 7.919236660003662
}