{
  "best_epoch": 11,
  "peak_cpu_memory_MB": 0,
  "training_duration": "07:23:24",
  "training_start_epoch": 0,
  "training_epochs": 12,
  "epoch": 12,
  "training__match/exact_match": 0,
  "training_sql_match": 0,
  "training__others/action_similarity": 0,
  "training__match/match_single": 0,
  "training__match/match_hard": 0,
  "training_beam_hit": 0,
  "training_loss": 3.1577030887790754,
  "training_cpu_memory_MB": 0.0,
  "validation__match/exact_match": 0.327852998065764,
  "validation_sql_match": 0.42166344294003866,
  "validation__others/action_similarity": 0.531268681285278,
  "validation__match/match_single": 0.5431654676258992,
  "validation__match/match_hard": 0.2803347280334728,
  "validation_beam_hit": 0.5478723404255319,
  "validation_loss": 8.002762794494629,
  "best_validation__match/exact_match": 0.3230174081237911,
  "best_validation_sql_match": 0.42166344294003866,
  "best_validation__others/action_similarity": 0.5312375800658857,
  "best_validation__match/match_single": 0.5467625899280576,
  "best_validation__match/match_hard": 0.27615062761506276,
  "best_validation_beam_hit": 0.551063829787234,
  "best_validation_loss": 7.919236660003662
}