{
  "best_epoch": 1,
  "peak_cpu_memory_MB": 0,
  "training_duration": "01:12:21",
  "training_start_epoch": 0,
  "training_epochs": 1,
  "epoch": 1,
  "training__match/exact_match": 0,
  "training_sql_match": 0,
  "training__others/action_similarity": 0,
  "training__match/match_single": 0,
  "training__match/match_hard": 0,
  "training_beam_hit": 0,
  "training_loss": 9.841928143387007,
  "training_cpu_memory_MB": 0.0,
  "validation__match/exact_match": 0.20309477756286268,
  "validation_sql_match": 0.2379110251450677,
  "validation__others/action_similarity": 0.41158323321988716,
  "validation__match/match_single": 0.37410071942446044,
  "validation__match/match_hard": 0.0794979079497908,
  "validation_beam_hit": 0.390715667311412,
  "validation_loss": 8.328072547912598,
  "best_validation__match/exact_match": 0.20309477756286268,
  "best_validation_sql_match": 0.2379110251450677,
  "best_validation__others/action_similarity": 0.41158323321988716,
  "best_validation__match/match_single": 0.37410071942446044,
  "best_validation__match/match_hard": 0.0794979079497908,
  "best_validation_beam_hit": 0.390715667311412,
  "best_validation_loss": 8.328072547912598
}