{
  "best_epoch": 17,
  "peak_cpu_memory_MB": 0,
  "training_duration": "20:32:19",
  "training_start_epoch": 0,
  "training_epochs": 36,
  "epoch": 36,
  "training__match/exact_match": 0,
  "training_sql_match": 0,
  "training__others/action_similarity": 0,
  "training__match/match_single": 0,
  "training__match/match_hard": 0,
  "training_beam_hit": 0,
  "training_loss": 1.4886522402820503,
  "training_cpu_memory_MB": 0.0,
  "validation__match/exact_match": 0.32591876208897486,
  "validation_sql_match": 0.41102514506769827,
  "validation__others/action_similarity": 0.537265493418945,
  "validation__match/match_single": 0.5611510791366906,
  "validation__match/match_hard": 0.23640167364016737,
  "validation_beam_hit": 0.5380077369439071,
  "validation_loss": 11.309048652648926,
  "best_validation__match/exact_match": 0.3346228239845261,
  "best_validation_sql_match": 0.42359767891682787,
  "best_validation__others/action_similarity": 0.536563850301388,
  "best_validation__match/match_single": 0.5503597122302158,
  "best_validation__match/match_hard": 0.27615062761506276,
  "best_validation_beam_hit": 0.5504835589941973,
  "best_validation_loss": 9.09803295135498
}