{
  "best_epoch": 17,
  "peak_cpu_memory_MB": 0,
  "training_duration": "18:52:54",
  "training_start_epoch": 0,
  "training_epochs": 33,
  "epoch": 33,
  "training__match/exact_match": 0,
  "training_sql_match": 0,
  "training__others/action_similarity": 0,
  "training__match/match_single": 0,
  "training__match/match_hard": 0,
  "training_beam_hit": 0,
  "training_loss": 1.537763218799188,
  "training_cpu_memory_MB": 0.0,
  "validation__match/exact_match": 0.31721470019342357,
  "validation_sql_match": 0.390715667311412,
  "validation__others/action_similarity": 0.5193319352287522,
  "validation__match/match_single": 0.5305755395683454,
  "validation__match/match_hard": 0.2280334728033473,
  "validation_beam_hit": 0.5149903288201161,
  "validation_loss": 11.747804641723633,
  "best_validation__match/exact_match": 0.3346228239845261,
  "best_validation_sql_match": 0.42359767891682787,
  "best_validation__others/action_similarity": 0.536563850301388,
  "best_validation__match/match_single": 0.5503597122302158,
  "best_validation__match/match_hard": 0.27615062761506276,
  "best_validation_beam_hit": 0.5504835589941973,
  "best_validation_loss": 9.09803295135498
}