{
  "best_epoch": 17,
  "peak_cpu_memory_MB": 0,
  "training_duration": "17:15:15",
  "training_start_epoch": 0,
  "training_epochs": 30,
  "epoch": 30,
  "training__match/exact_match": 0,
  "training_sql_match": 0,
  "training__others/action_similarity": 0,
  "training__match/match_single": 0,
  "training__match/match_hard": 0,
  "training_beam_hit": 0,
  "training_loss": 1.7230737049595204,
  "training_cpu_memory_MB": 0.0,
  "validation__match/exact_match": 0.29690522243713735,
  "validation_sql_match": 0.3897485493230174,
  "validation__others/action_similarity": 0.5136753246819812,
  "validation__match/match_single": 0.5071942446043165,
  "validation__match/match_hard": 0.25313807531380755,
  "validation_beam_hit": 0.5227272727272727,
  "validation_loss": 10.46013069152832,
  "best_validation__match/exact_match": 0.3346228239845261,
  "best_validation_sql_match": 0.42359767891682787,
  "best_validation__others/action_similarity": 0.536563850301388,
  "best_validation__match/match_single": 0.5503597122302158,
  "best_validation__match/match_hard": 0.27615062761506276,
  "best_validation_beam_hit": 0.5504835589941973,
  "best_validation_loss": 9.09803295135498
}