{
  "best_epoch": 17,
  "peak_cpu_memory_MB": 0,
  "training_duration": "17:48:09",
  "training_start_epoch": 0,
  "training_epochs": 31,
  "epoch": 31,
  "training__match/exact_match": 0,
  "training_sql_match": 0,
  "training__others/action_similarity": 0,
  "training__match/match_single": 0,
  "training__match/match_hard": 0,
  "training_beam_hit": 0,
  "training_loss": 1.657976842069418,
  "training_cpu_memory_MB": 0.0,
  "validation__match/exact_match": 0.3346228239845261,
  "validation_sql_match": 0.41779497098646035,
  "validation__others/action_similarity": 0.541452996244708,
  "validation__match/match_single": 0.5809352517985612,
  "validation__match/match_hard": 0.2280334728033473,
  "validation_beam_hit": 0.5372340425531915,
  "validation_loss": 11.302785873413086,
  "best_validation__match/exact_match": 0.3346228239845261,
  "best_validation_sql_match": 0.42359767891682787,
  "best_validation__others/action_similarity": 0.536563850301388,
  "best_validation__match/match_single": 0.5503597122302158,
  "best_validation__match/match_hard": 0.27615062761506276,
  "best_validation_beam_hit": 0.5504835589941973,
  "best_validation_loss": 9.09803295135498
}