{
  "best_epoch": 17,
  "peak_cpu_memory_MB": 0,
  "training_duration": "19:25:57",
  "training_start_epoch": 0,
  "training_epochs": 34,
  "epoch": 34,
  "training__match/exact_match": 0,
  "training_sql_match": 0,
  "training__others/action_similarity": 0,
  "training__match/match_single": 0,
  "training__match/match_hard": 0,
  "training_beam_hit": 0,
  "training_loss": 1.5581550180003014,
  "training_cpu_memory_MB": 0.0,
  "validation__match/exact_match": 0.3056092843326886,
  "validation_sql_match": 0.40038684719535783,
  "validation__others/action_similarity": 0.5221064910113713,
  "validation__match/match_single": 0.5287769784172662,
  "validation__match/match_hard": 0.2510460251046025,
  "validation_beam_hit": 0.5287234042553192,
  "validation_loss": 11.293206214904785,
  "best_validation__match/exact_match": 0.3346228239845261,
  "best_validation_sql_match": 0.42359767891682787,
  "best_validation__others/action_similarity": 0.536563850301388,
  "best_validation__match/match_single": 0.5503597122302158,
  "best_validation__match/match_hard": 0.27615062761506276,
  "best_validation_beam_hit": 0.5504835589941973,
  "best_validation_loss": 9.09803295135498
}