{
  "best_epoch": 3,
  "peak_cpu_memory_MB": 0,
  "training_duration": "02:21:46",
  "training_start_epoch": 0,
  "training_epochs": 3,
  "epoch": 3,
  "training__match/exact_match": 0,
  "training_sql_match": 0,
  "training__others/action_similarity": 0,
  "training__match/match_single": 0,
  "training__match/match_hard": 0,
  "training_beam_hit": 0,
  "training_loss": 6.632839264693083,
  "training_cpu_memory_MB": 0.0,
  "validation__match/exact_match": 0.269825918762089,
  "validation_sql_match": 0.32978723404255317,
  "validation__others/action_similarity": 0.49483832309893677,
  "validation__match/match_single": 0.4766187050359712,
  "validation__match/match_hard": 0.1589958158995816,
  "validation_beam_hit": 0.4882011605415861,
  "validation_loss": 7.399702072143555,
  "best_validation__match/exact_match": 0.269825918762089,
  "best_validation_sql_match": 0.32978723404255317,
  "best_validation__others/action_similarity": 0.49483832309893677,
  "best_validation__match/match_single": 0.4766187050359712,
  "best_validation__match/match_hard": 0.1589958158995816,
  "best_validation_beam_hit": 0.4882011605415861,
  "best_validation_loss": 7.399702072143555
}