{
  "best_epoch": 17,
  "peak_cpu_memory_MB": 0,
  "training_duration": "15:04:46",
  "training_start_epoch": 0,
  "training_epochs": 26,
  "epoch": 26,
  "training__match/exact_match": 0,
  "training_sql_match": 0,
  "training__others/action_similarity": 0,
  "training__match/match_single": 0,
  "training__match/match_hard": 0,
  "training_beam_hit": 0,
  "training_loss": 1.7994843380513534,
  "training_cpu_memory_MB": 0.0,
  "validation__match/exact_match": 0.3065764023210832,
  "validation_sql_match": 0.3984526112185687,
  "validation__others/action_similarity": 0.5191798123027693,
  "validation__match/match_single": 0.5305755395683454,
  "validation__match/match_hard": 0.24476987447698745,
  "validation_beam_hit": 0.515183752417795,
  "validation_loss": 10.138287544250488,
  "best_validation__match/exact_match": 0.3346228239845261,
  "best_validation_sql_match": 0.42359767891682787,
  "best_validation__others/action_similarity": 0.536563850301388,
  "best_validation__match/match_single": 0.5503597122302158,
  "best_validation__match/match_hard": 0.27615062761506276,
  "best_validation_beam_hit": 0.5504835589941973,
  "best_validation_loss": 9.09803295135498
}