{
  "best_epoch": 17,
  "peak_cpu_memory_MB": 0,
  "training_duration": "13:24:24",
  "training_start_epoch": 0,
  "training_epochs": 23,
  "epoch": 23,
  "training__match/exact_match": 0,
  "training_sql_match": 0,
  "training__others/action_similarity": 0,
  "training__match/match_single": 0,
  "training__match/match_hard": 0,
  "training_beam_hit": 0,
  "training_loss": 2.0356103472720046,
  "training_cpu_memory_MB": 0.0,
  "validation__match/exact_match": 0.3413926499032882,
  "validation_sql_match": 0.4206963249516441,
  "validation__others/action_similarity": 0.5427681427141121,
  "validation__match/match_single": 0.5719424460431655,
  "validation__match/match_hard": 0.24476987447698745,
  "validation_beam_hit": 0.5494197292069632,
  "validation_loss": 10.151057243347168,
  "best_validation__match/exact_match": 0.3346228239845261,
  "best_validation_sql_match": 0.42359767891682787,
  "best_validation__others/action_similarity": 0.536563850301388,
  "best_validation__match/match_single": 0.5503597122302158,
  "best_validation__match/match_hard": 0.27615062761506276,
  "best_validation_beam_hit": 0.5504835589941973,
  "best_validation_loss": 9.09803295135498
}