{
  "best_epoch": 17,
  "peak_cpu_memory_MB": 0,
  "training_duration": "11:15:01",
  "training_start_epoch": 0,
  "training_epochs": 19,
  "epoch": 19,
  "training__match/exact_match": 0,
  "training_sql_match": 0,
  "training__others/action_similarity": 0,
  "training__match/match_single": 0,
  "training__match/match_hard": 0,
  "training_beam_hit": 0,
  "training_loss": 2.2749367667958627,
  "training_cpu_memory_MB": 0.0,
  "validation__match/exact_match": 0.3114119922630561,
  "validation_sql_match": 0.4071566731141199,
  "validation__others/action_similarity": 0.5208046330550336,
  "validation__match/match_single": 0.5449640287769785,
  "validation__match/match_hard": 0.24686192468619247,
  "validation_beam_hit": 0.5379110251450677,
  "validation_loss": 9.069262504577637,
  "best_validation__match/exact_match": 0.3346228239845261,
  "best_validation_sql_match": 0.42359767891682787,
  "best_validation__others/action_similarity": 0.536563850301388,
  "best_validation__match/match_single": 0.5503597122302158,
  "best_validation__match/match_hard": 0.27615062761506276,
  "best_validation_beam_hit": 0.5504835589941973,
  "best_validation_loss": 9.09803295135498
}