{
  "best_epoch": 11,
  "peak_cpu_memory_MB": 0,
  "training_duration": "08:29:33",
  "training_start_epoch": 0,
  "training_epochs": 14,
  "epoch": 14,
  "training__match/exact_match": 0,
  "training_sql_match": 0,
  "training__others/action_similarity": 0,
  "training__match/match_single": 0,
  "training__match/match_hard": 0,
  "training_beam_hit": 0,
  "training_loss": 2.8428388493772685,
  "training_cpu_memory_MB": 0.0,
  "validation__match/exact_match": 0.3036750483558994,
  "validation_sql_match": 0.402321083172147,
  "validation__others/action_similarity": 0.5208084837076783,
  "validation__match/match_single": 0.5269784172661871,
  "validation__match/match_hard": 0.25732217573221755,
  "validation_beam_hit": 0.5410058027079304,
  "validation_loss": 8.428228378295898,
  "best_validation__match/exact_match": 0.3230174081237911,
  "best_validation_sql_match": 0.42166344294003866,
  "best_validation__others/action_similarity": 0.5312375800658857,
  "best_validation__match/match_single": 0.5467625899280576,
  "best_validation__match/match_hard": 0.27615062761506276,
  "best_validation_beam_hit": 0.551063829787234,
  "best_validation_loss": 7.919236660003662
}