{
  "best_epoch": 17,
  "peak_cpu_memory_MB": 0,
  "training_duration": "12:19:41",
  "training_start_epoch": 0,
  "training_epochs": 21,
  "epoch": 21,
  "training__match/exact_match": 0,
  "training_sql_match": 0,
  "training__others/action_similarity": 0,
  "training__match/match_single": 0,
  "training__match/match_hard": 0,
  "training_beam_hit": 0,
  "training_loss": 2.1270345229338976,
  "training_cpu_memory_MB": 0.0,
  "validation__match/exact_match": 0.3104448742746615,
  "validation_sql_match": 0.40522243713733075,
  "validation__others/action_similarity": 0.5269166024776357,
  "validation__match/match_single": 0.564748201438849,
  "validation__match/match_hard": 0.2196652719665272,
  "validation_beam_hit": 0.5443907156673115,
  "validation_loss": 9.67966365814209,
  "best_validation__match/exact_match": 0.3346228239845261,
  "best_validation_sql_match": 0.42359767891682787,
  "best_validation__others/action_similarity": 0.536563850301388,
  "best_validation__match/match_single": 0.5503597122302158,
  "best_validation__match/match_hard": 0.27615062761506276,
  "best_validation_beam_hit": 0.5504835589941973,
  "best_validation_loss": 9.09803295135498
}