{
  "best_epoch": 17,
  "peak_cpu_memory_MB": 0,
  "training_duration": "11:47:49",
  "training_start_epoch": 0,
  "training_epochs": 20,
  "epoch": 20,
  "training__match/exact_match": 0,
  "training_sql_match": 0,
  "training__others/action_similarity": 0,
  "training__match/match_single": 0,
  "training__match/match_hard": 0,
  "training_beam_hit": 0,
  "training_loss": 2.22387042680597,
  "training_cpu_memory_MB": 0.0,
  "validation__match/exact_match": 0.31431334622823986,
  "validation_sql_match": 0.40618955512572535,
  "validation__others/action_similarity": 0.5277113116408326,
  "validation__match/match_single": 0.5341726618705036,
  "validation__match/match_hard": 0.25732217573221755,
  "validation_beam_hit": 0.5398452611218568,
  "validation_loss": 9.328729629516602,
  "best_validation__match/exact_match": 0.3346228239845261,
  "best_validation_sql_match": 0.42359767891682787,
  "best_validation__others/action_similarity": 0.536563850301388,
  "best_validation__match/match_single": 0.5503597122302158,
  "best_validation__match/match_hard": 0.27615062761506276,
  "best_validation_beam_hit": 0.5504835589941973,
  "best_validation_loss": 9.09803295135498
}