{
  "best_epoch": 5,
  "peak_cpu_memory_MB": 0,
  "training_duration": "03:30:08",
  "training_start_epoch": 0,
  "training_epochs": 5,
  "epoch": 5,
  "training__match/exact_match": 0,
  "training_sql_match": 0,
  "training__others/action_similarity": 0,
  "training__match/match_single": 0,
  "training__match/match_hard": 0,
  "training_beam_hit": 0,
  "training_loss": 5.225075027521918,
  "training_cpu_memory_MB": 0.0,
  "validation__match/exact_match": 0.30174081237911027,
  "validation_sql_match": 0.38104448742746616,
  "validation__others/action_similarity": 0.5109832068454716,
  "validation__match/match_single": 0.5089928057553957,
  "validation__match/match_hard": 0.23221757322175732,
  "validation_beam_hit": 0.5299806576402321,
  "validation_loss": 7.2847747802734375,
  "best_validation__match/exact_match": 0.30174081237911027,
  "best_validation_sql_match": 0.38104448742746616,
  "best_validation__others/action_similarity": 0.5109832068454716,
  "best_validation__match/match_single": 0.5089928057553957,
  "best_validation__match/match_hard": 0.23221757322175732,
  "best_validation_beam_hit": 0.5299806576402321,
  "best_validation_loss": 7.2847747802734375
}