{
  "best_epoch": 17,
  "peak_cpu_memory_MB": 0,
  "training_duration": "14:30:34",
  "training_start_epoch": 0,
  "training_epochs": 25,
  "epoch": 25,
  "training__match/exact_match": 0,
  "training_sql_match": 0,
  "training__others/action_similarity": 0,
  "training__match/match_single": 0,
  "training__match/match_hard": 0,
  "training_beam_hit": 0,
  "training_loss": 1.8274424286449658,
  "training_cpu_memory_MB": 0.0,
  "validation__match/exact_match": 0.31237911025145065,
  "validation_sql_match": 0.4090909090909091,
  "validation__others/action_similarity": 0.5282337012487922,
  "validation__match/match_single": 0.5359712230215827,
  "validation__match/match_hard": 0.2615062761506276,
  "validation_beam_hit": 0.5378143133462282,
  "validation_loss": 10.35219955444336,
  "best_validation__match/exact_match": 0.3346228239845261,
  "best_validation_sql_match": 0.42359767891682787,
  "best_validation__others/action_similarity": 0.536563850301388,
  "best_validation__match/match_single": 0.5503597122302158,
  "best_validation__match/match_hard": 0.27615062761506276,
  "best_validation_beam_hit": 0.5504835589941973,
  "best_validation_loss": 9.09803295135498
}