{
  "best_epoch": 6,
  "peak_cpu_memory_MB": 0,
  "training_duration": "04:03:40",
  "training_start_epoch": 0,
  "training_epochs": 6,
  "epoch": 6,
  "training__match/exact_match": 0,
  "training_sql_match": 0,
  "training__others/action_similarity": 0,
  "training__match/match_single": 0,
  "training__match/match_hard": 0,
  "training_beam_hit": 0,
  "training_loss": 4.729783603568483,
  "training_cpu_memory_MB": 0.0,
  "validation__match/exact_match": 0.30851063829787234,
  "validation_sql_match": 0.3945841392649903,
  "validation__others/action_similarity": 0.5253819710478769,
  "validation__match/match_single": 0.5035971223021583,
  "validation__match/match_hard": 0.26778242677824265,
  "validation_beam_hit": 0.5287234042553192,
  "validation_loss": 7.438711643218994,
  "best_validation__match/exact_match": 0.30851063829787234,
  "best_validation_sql_match": 0.3945841392649903,
  "best_validation__others/action_similarity": 0.5253819710478769,
  "best_validation__match/match_single": 0.5035971223021583,
  "best_validation__match/match_hard": 0.26778242677824265,
  "best_validation_beam_hit": 0.5287234042553192,
  "best_validation_loss": 7.438711643218994
}