{
  "best_epoch": 11,
  "peak_cpu_memory_MB": 0,
  "training_duration": "09:03:32",
  "training_start_epoch": 0,
  "training_epochs": 15,
  "epoch": 15,
  "training__match/exact_match": 0,
  "training_sql_match": 0,
  "training__others/action_similarity": 0,
  "training__match/match_single": 0,
  "training__match/match_hard": 0,
  "training_beam_hit": 0,
  "training_loss": 2.6783769421587844,
  "training_cpu_memory_MB": 0.0,
  "validation__match/exact_match": 0.32011605415860733,
  "validation_sql_match": 0.41779497098646035,
  "validation__others/action_similarity": 0.5310752394750681,
  "validation__match/match_single": 0.5269784172661871,
  "validation__match/match_hard": 0.2907949790794979,
  "validation_beam_hit": 0.5516441005802708,
  "validation_loss": 8.398360252380371,
  "best_validation__match/exact_match": 0.3230174081237911,
  "best_validation_sql_match": 0.42166344294003866,
  "best_validation__others/action_similarity": 0.5312375800658857,
  "best_validation__match/match_single": 0.5467625899280576,
  "best_validation__match/match_hard": 0.27615062761506276,
  "best_validation_beam_hit": 0.551063829787234,
  "best_validation_loss": 7.919236660003662
}